{"cameraMode":{"drawMode":0,"name":"Shaded","section":"Shading Mode"},"sceneLighting":true,"audioPlay":false,"sceneViewState":{"showFog":true,"showMaterialUpdate":false,"showSkybox":true,"showFlares":true,"showImageEffects":true,"showParticleSystems":true},"in2DMode":false,"pivot":{"x":2.6923234462738039,"y":1.902642846107483,"z":-12.577831268310547},"rotation":{"x":-0.05278358608484268,"y":0.008085425943136216,"z":-0.0004273973172530532,"w":-0.9985742568969727},"size":1.1633480787277222,"orthographic":false}